,Temp,pH,Na,K,Ca,Mg,Cl,SO4,HCO3,anion
xgb,13.990354371477878,1.0290092035989373,1688.1836674892986,316.6571881443805,431.69899836323845,162.0476188122423,3149.7161290949716,599.3044447424202,756.4606990563922,0.15519043740609653
lgbm,14.046704368709227,1.0149531948674526,1631.2536429832599,265.31334036596087,406.3034487194365,160.9754888358116,3053.706845552701,589.3168823628554,671.8591975923042,0.153128852372682
rf,13.523415359635175,0.9880589299413506,1613.1458408579033,270.41561390779316,409.08330315108265,157.5753762545555,3045.33943074618,578.3307826660904,696.6644869804724,0.1488153699510854
ok1,14.063883084256284,1.064663784393678,1629.4912389623364,250.68929931715246,427.26834291216664,155.40896692236154,3038.2046254639486,556.1293698466504,657.4192404648924,0.15751987709466547
st,13.385825295326494,0.9754520148628243,1582.0922676726948,221.37175234954375,395.7750499310185,150.0618155400238,2974.679264097009,536.9465247664864,644.9360307597848,0.1480054122143495
st_ok,13.249282303906934,0.9710440333968648,1570.3975424661487,221.9710406122434,394.7548587369321,149.7826154647782,2940.7360278712017,534.7360401043139,636.6769022696581,0.14674703236922743
