,grad,grad_max,grad_min,grad_max_h_z,grad_min_h_z
xgb,44.950903463851795,97.59109115133576,64.34141004432897,503.41457575795675,526.5900266114787
lgbm,44.86390666600731,91.78346235445498,62.16338461499816,486.121014096931,506.8432744076031
rf,43.91919233348336,93.1037513334803,62.14683329146644,474.3260993855017,499.429948894185
st,43.3359309672402,90.56672640179798,59.23507472648233,469.83468207578517,487.54073140677855
